<?xml version="1.0" encoding="UTF-8"?><ImplementationGuide xmlns="http://hl7.org/fhir"><id value="saudeid"/><text><status value="extensions"/><div xmlns="http://www.w3.org/1999/xhtml"><h2>ImplementationGuideSaudeiD</h2><p>The official URL for this implementation guide is: </p><pre>http://saudeid-data.github.io/fhir/ImplementationGuide/saudeid</pre><div><p>O Guia de Implementação da Saúde iD e baseado no FHIR na versao R4 e define o minimo de requisitos de conformidade para trocar mensagens com dados de paciente.</p>
</div></div></text><url value="http://saudeid-data.github.io/fhir/ImplementationGuide/saudeid"/><version value="0.0.2"/><name value="ImplementationGuideSaudeiD"/><title value="Guia de implementação da Saúde iD"/><status value="draft"/><experimental value="false"/><date value="2021-12-22T16:55:39-02:00"/><publisher value="Saude iD"/><contact><telecom><system value="url"/><value value="http://saudeid.com.br"/></telecom></contact><description value="O Guia de Implementação da Saúde iD e baseado no FHIR na versao R4 e define o minimo de requisitos de conformidade para trocar mensagens com dados de paciente."/><jurisdiction><coding><system value="http://unstats.un.org/unsd/methods/m49/m49.htm"/><code value="001"/></coding></jurisdiction><packageId value="saudeid"/><license value="CC0-1.0"/><fhirVersion value="4.0.1"/><definition><extension url="http://hl7.org/fhir/tools/StructureDefinition/ig-parameter"><extension url="code"><valueString value="copyrightyear"/></extension><extension url="value"><valueString value="2021+"/></extension></extension><extension url="http://hl7.org/fhir/tools/StructureDefinition/ig-parameter"><extension url="code"><valueString value="releaselabel"/></extension><extension url="value"><valueString value="CI Build"/></extension></extension><extension url="http://hl7.org/fhir/tools/StructureDefinition/ig-parameter"><extension url="code"><valueString value="path-binary"/></extension><extension url="value"><valueString value="input\cql"/></extension></extension><extension url="http://hl7.org/fhir/tools/StructureDefinition/ig-parameter"><extension url="code"><valueString value="path-liquid"/></extension><extension url="value"><valueString value="templates\liquid"/></extension></extension><extension url="http://hl7.org/fhir/tools/StructureDefinition/ig-parameter"><extension url="code"><valueString value="shownav"/></extension><extension url="value"><valueString value="true"/></extension></extension><extension url="http://hl7.org/fhir/tools/StructureDefinition/ig-parameter"><extension url="code"><valueString value="autoload-resources"/></extension><extension url="value"><valueString value="true"/></extension></extension><extension url="http://hl7.org/fhir/tools/StructureDefinition/ig-parameter"><extension url="code"><valueString value="path-liquid"/></extension><extension url="value"><valueString value="template/liquid"/></extension></extension><extension url="http://hl7.org/fhir/tools/StructureDefinition/ig-parameter"><extension url="code"><valueString value="path-liquid"/></extension><extension url="value"><valueString value="input/liquid"/></extension></extension><extension url="http://hl7.org/fhir/tools/StructureDefinition/ig-parameter"><extension url="code"><valueString value="path-qa"/></extension><extension url="value"><valueString value="temp/qa"/></extension></extension><extension url="http://hl7.org/fhir/tools/StructureDefinition/ig-parameter"><extension url="code"><valueString value="path-temp"/></extension><extension url="value"><valueString value="temp/pages"/></extension></extension><extension url="http://hl7.org/fhir/tools/StructureDefinition/ig-parameter"><extension url="code"><valueString value="path-output"/></extension><extension url="value"><valueString value="output"/></extension></extension><extension url="http://hl7.org/fhir/tools/StructureDefinition/ig-parameter"><extension url="code"><valueString value="path-suppressed-warnings"/></extension><extension url="value"><valueString value="input/ignoreWarnings.txt"/></extension></extension><extension url="http://hl7.org/fhir/tools/StructureDefinition/ig-parameter"><extension url="code"><valueString value="path-history"/></extension><extension url="value"><valueString value="http://saudeid-data.github.io/fhir/history.html"/></extension></extension><extension url="http://hl7.org/fhir/tools/StructureDefinition/ig-parameter"><extension url="code"><valueString value="template-html"/></extension><extension url="value"><valueString value="template-page.html"/></extension></extension><extension url="http://hl7.org/fhir/tools/StructureDefinition/ig-parameter"><extension url="code"><valueString value="template-md"/></extension><extension url="value"><valueString value="template-page-md.html"/></extension></extension><extension url="http://hl7.org/fhir/tools/StructureDefinition/ig-parameter"><extension url="code"><valueString value="apply-contact"/></extension><extension url="value"><valueString value="true"/></extension></extension><extension url="http://hl7.org/fhir/tools/StructureDefinition/ig-parameter"><extension url="code"><valueString value="apply-context"/></extension><extension url="value"><valueString value="true"/></extension></extension><extension url="http://hl7.org/fhir/tools/StructureDefinition/ig-parameter"><extension url="code"><valueString value="apply-copyright"/></extension><extension url="value"><valueString value="true"/></extension></extension><extension url="http://hl7.org/fhir/tools/StructureDefinition/ig-parameter"><extension url="code"><valueString value="apply-jurisdiction"/></extension><extension url="value"><valueString value="true"/></extension></extension><extension url="http://hl7.org/fhir/tools/StructureDefinition/ig-parameter"><extension url="code"><valueString value="apply-license"/></extension><extension url="value"><valueString value="true"/></extension></extension><extension url="http://hl7.org/fhir/tools/StructureDefinition/ig-parameter"><extension url="code"><valueString value="apply-publisher"/></extension><extension url="value"><valueString value="true"/></extension></extension><extension url="http://hl7.org/fhir/tools/StructureDefinition/ig-parameter"><extension url="code"><valueString value="apply-version"/></extension><extension url="value"><valueString value="true"/></extension></extension><extension url="http://hl7.org/fhir/tools/StructureDefinition/ig-parameter"><extension url="code"><valueString value="active-tables"/></extension><extension url="value"><valueString value="true"/></extension></extension><grouping id="-str-profile"><name value="Structures: Resource Profiles"/><description value="These define constraints on FHIR resources for systems conforming to this implementation guide"/></grouping><grouping id="-str-extension"><name value="Structures: Extension Definitions"/><description value="These define constraints on FHIR data types for systems conforming to this implementation guide"/></grouping><grouping id="-term-valueset"><name value="Terminology: Value Sets"/><description value="These define sets of codes used by systems conforming to this implementation guide"/></grouping><grouping id="-term-codesystem"><name value="Terminology: Code Systems"/><description value="These define new code systems used by systems conforming to this implementation guide"/></grouping><grouping id="-ex-example"><name value="Example: Example Instances"/><description value="These are example instances that show what data produced and consumed by systems conforming with this implementation guide might look like"/></grouping><resource><extension url="http://hl7.org/fhir/StructureDefinition/implementationguide-page"><valueUri value="StructureDefinition-Patient-SaudeiD.html"/></extension><reference><reference value="StructureDefinition/Patient-SaudeiD"/></reference><name value="Patient-SaudeiD"/><description value="Perfil de paciente da Saúde iD."/><groupingId value="-str-profile"/></resource><resource><extension url="http://hl7.org/fhir/StructureDefinition/implementationguide-page"><valueUri value="CodeSystem-CBO.html"/></extension><reference><reference value="CodeSystem/CBO"/></reference><name value="Classificação Brasileira de Ocupações - CBO"/><description value="Classifica as profissões do mercado de trabalho brasileiro."/><groupingId value="-term-codesystem"/></resource><resource><extension url="http://hl7.org/fhir/StructureDefinition/implementationguide-page"><valueUri value="ValueSet-CBO-1.0.html"/></extension><reference><reference value="ValueSet/CBO-1.0"/></reference><name value="Classificação Brasileira de Ocupações - CBO"/><description value="Classifica as profissões do mercado de trabalho brasileiro."/><groupingId value="-term-valueset"/></resource><resource><extension url="http://hl7.org/fhir/StructureDefinition/implementationguide-page"><valueUri value="Patient-patient-001.html"/></extension><reference><reference value="Patient/patient-001"/></reference><name value="Patient-example"/><description value="Exemplo de paciente da Saúde iD."/><exampleCanonical value="http://saudeid-data.github.io/fhir/StructureDefinition/Patient-SaudeiD"/><groupingId value="-ex-example"/></resource><resource><extension url="http://hl7.org/fhir/StructureDefinition/implementationguide-page"><valueUri value="StructureDefinition-patient-agreedWithUserTerms.html"/></extension><reference><reference value="StructureDefinition/patient-agreedWithUserTerms"/></reference><name value="Patient-agreedWithUserTerms"/><description value="Indicates whether user had agrees with User Terms or not."/><groupingId value="-str-extension"/></resource><resource><extension url="http://hl7.org/fhir/StructureDefinition/implementationguide-page"><valueUri value="StructureDefinition-patient-biologicalSex.html"/></extension><reference><reference value="StructureDefinition/patient-biologicalSex"/></reference><name value="Patient-biologicalSex"/><description value="Patient&#39;s biological sex."/><groupingId value="-str-extension"/></resource><resource><extension url="http://hl7.org/fhir/StructureDefinition/implementationguide-page"><valueUri value="StructureDefinition-patient-deviceOperationalSystem.html"/></extension><reference><reference value="StructureDefinition/patient-deviceOperationalSystem"/></reference><name value="Patient-deviceOperationalSystem"/><description value="Operational system installed in patient&#39;s device."/><groupingId value="-str-extension"/></resource><resource><extension url="http://hl7.org/fhir/StructureDefinition/implementationguide-page"><valueUri value="StructureDefinition-patient-ethnicity.html"/></extension><reference><reference value="StructureDefinition/patient-ethnicity"/></reference><name value="Patient-ethnicity"/><description value="The patient&#39;s professed religious affiliations."/><groupingId value="-str-extension"/></resource><resource><extension url="http://hl7.org/fhir/StructureDefinition/implementationguide-page"><valueUri value="StructureDefinition-patient-fathersName.html"/></extension><reference><reference value="StructureDefinition/patient-fathersName"/></reference><name value="Patient-fathersName"/><description value="Full name of patient&#39;s father."/><groupingId value="-str-extension"/></resource><resource><extension url="http://hl7.org/fhir/StructureDefinition/implementationguide-page"><valueUri value="StructureDefinition-patient-idClienteFleury.html"/></extension><reference><reference value="StructureDefinition/patient-idClienteFleury"/></reference><name value="Patient-idClienteFleury"/><description value="Fleury client&#39;s id."/><groupingId value="-str-extension"/></resource><resource><extension url="http://hl7.org/fhir/StructureDefinition/implementationguide-page"><valueUri value="StructureDefinition-patient-idDocumentoFleury.html"/></extension><reference><reference value="StructureDefinition/patient-idDocumentoFleury"/></reference><name value="Patient-idDocumentoFleury"/><description value="Fleury document&#39;s id."/><groupingId value="-str-extension"/></resource><resource><extension url="http://hl7.org/fhir/StructureDefinition/implementationguide-page"><valueUri value="StructureDefinition-patient-idWorkstation.html"/></extension><reference><reference value="StructureDefinition/patient-idWorkstation"/></reference><name value="Patient-idWorkstation"/><description value="Workstation&#39;s id."/><groupingId value="-str-extension"/></resource><resource><extension url="http://hl7.org/fhir/StructureDefinition/implementationguide-page"><valueUri value="StructureDefinition-patient-isB2B.html"/></extension><reference><reference value="StructureDefinition/patient-isB2B"/></reference><name value="Patient-isB2B"/><description value="Flag indicating if the patient is B2B."/><groupingId value="-str-extension"/></resource><resource><extension url="http://hl7.org/fhir/StructureDefinition/implementationguide-page"><valueUri value="StructureDefinition-patient-isB2C.html"/></extension><reference><reference value="StructureDefinition/patient-isB2C"/></reference><name value="Patient-isB2C"/><description value="Flag indicating if the patient is B2C."/><groupingId value="-str-extension"/></resource><resource><extension url="http://hl7.org/fhir/StructureDefinition/implementationguide-page"><valueUri value="StructureDefinition-patient-lastUpdate.html"/></extension><reference><reference value="StructureDefinition/patient-lastUpdate"/></reference><name value="Patient-lastUpdate"/><description value="Date and time of the last time some information of the patient was updated."/><groupingId value="-str-extension"/></resource><resource><extension url="http://hl7.org/fhir/StructureDefinition/implementationguide-page"><valueUri value="StructureDefinition-patient-mothersName.html"/></extension><reference><reference value="StructureDefinition/patient-mothersName"/></reference><name value="Patient-mothersName"/><description value="Full name of patient&#39;s mother."/><groupingId value="-str-extension"/></resource><resource><extension url="http://hl7.org/fhir/StructureDefinition/implementationguide-page"><valueUri value="StructureDefinition-patient-occupation.html"/></extension><reference><reference value="StructureDefinition/patient-occupation"/></reference><name value="Patient-occupation"/><description value="Information about a person&#39;s work and volunteer positions to support patient care, population health and public health activities."/><groupingId value="-str-extension"/></resource><resource><extension url="http://hl7.org/fhir/StructureDefinition/implementationguide-page"><valueUri value="StructureDefinition-patient-prontmedCode.html"/></extension><reference><reference value="StructureDefinition/patient-prontmedCode"/></reference><name value="Patient-prontmedCode"/><description value="Numerical identification for Prontmed patients."/><groupingId value="-str-extension"/></resource><page><nameUrl value="toc.html"/><title value="Tabela de conteúdos"/><generation value="html"/><page><nameUrl value="index.html"/><title value="Início"/><generation value="html"/></page><page><nameUrl value="general-guidance.html"/><title value="Orientações gerais"/><generation value="html"/></page><page><nameUrl value="profiles.html"/><title value="Perfis"/><generation value="html"/></page><page><nameUrl value="artifacts.html"/><title value="Artefatos FHIR"/><generation value="html"/><page><nameUrl value="StructureDefinition-Patient-SaudeiD.html"/><title value="Patient-SaudeiD"/><generation value="generated"/></page><page><nameUrl value="StructureDefinition-patient-agreedWithUserTerms.html"/><title value="Patient-agreedWithUserTerms"/><generation value="generated"/></page><page><nameUrl value="StructureDefinition-patient-biologicalSex.html"/><title value="Patient-biologicalSex"/><generation value="generated"/></page><page><nameUrl value="StructureDefinition-patient-deviceOperationalSystem.html"/><title value="Patient-deviceOperationalSystem"/><generation value="generated"/></page><page><nameUrl value="StructureDefinition-patient-ethnicity.html"/><title value="Patient-ethnicity"/><generation value="generated"/></page><page><nameUrl value="StructureDefinition-patient-fathersName.html"/><title value="Patient-fathersName"/><generation value="generated"/></page><page><nameUrl value="StructureDefinition-patient-idClienteFleury.html"/><title value="Patient-idClienteFleury"/><generation value="generated"/></page><page><nameUrl value="StructureDefinition-patient-idDocumentoFleury.html"/><title value="Patient-idDocumentoFleury"/><generation value="generated"/></page><page><nameUrl value="StructureDefinition-patient-idWorkstation.html"/><title value="Patient-idWorkstation"/><generation value="generated"/></page><page><nameUrl value="StructureDefinition-patient-isB2B.html"/><title value="Patient-isB2B"/><generation value="generated"/></page><page><nameUrl value="StructureDefinition-patient-isB2C.html"/><title value="Patient-isB2C"/><generation value="generated"/></page><page><nameUrl value="StructureDefinition-patient-lastUpdate.html"/><title value="Patient-lastUpdate"/><generation value="generated"/></page><page><nameUrl value="StructureDefinition-patient-mothersName.html"/><title value="Patient-mothersName"/><generation value="generated"/></page><page><nameUrl value="StructureDefinition-patient-occupation.html"/><title value="Patient-occupation"/><generation value="generated"/></page><page><nameUrl value="StructureDefinition-patient-prontmedCode.html"/><title value="Patient-prontmedCode"/><generation value="generated"/></page><page><nameUrl value="ValueSet-CBO-1.0.html"/><title value="Classificação Brasileira de Ocupações - CBO"/><generation value="generated"/></page><page><nameUrl value="CodeSystem-CBO.html"/><title value="Classificação Brasileira de Ocupações - CBO"/><generation value="generated"/></page><page><nameUrl value="Patient-patient-001.html"/><title value="Patient-example"/><generation value="generated"/></page></page><page><nameUrl value="downloads.html"/><title value="Downloads"/><generation value="html"/></page><page><nameUrl value="history.html"/><title value="Histórico de mudanças"/><generation value="html"/></page></page><parameter><code value="path-resource"/><value value="input\history"/></parameter><parameter><code value="path-resource"/><value value="input/capabilities"/></parameter><parameter><code value="path-resource"/><value value="input/examples"/></parameter><parameter><code value="path-resource"/><value value="input/extensions"/></parameter><parameter><code value="path-resource"/><value value="input/models"/></parameter><parameter><code value="path-resource"/><value value="input/operations"/></parameter><parameter><code value="path-resource"/><value value="input/profiles"/></parameter><parameter><code value="path-resource"/><value value="input/resources"/></parameter><parameter><code value="path-resource"/><value value="input/vocabulary"/></parameter><parameter><code value="path-resource"/><value value="input/testing"/></parameter><parameter><code value="path-resource"/><value value="input/history"/></parameter><parameter><code value="path-resource"/><value value="fsh-generated/resources"/></parameter><parameter><code value="path-pages"/><value value="template/config"/></parameter><parameter><code value="path-pages"/><value value="input/images"/></parameter><parameter><code value="path-tx-cache"/><value value="input-cache/txcache"/></parameter></definition></ImplementationGuide>