[
  {
    "id": "saudeid",
    "type": "ImplementationGuide",
    "url": "http://saudeid.com.br/fhir/ImplementationGuide/saudeid",
    "version": "0.0.1",
    "name": "Guia de implementacao da Saude iD"
  },
  {
    "id": "Patient-SaudeiD",
    "type": "StructureDefinition",
    "url": "http://saudeid.com.br/fhir/StructureDefinition/Patient-SaudeiD",
    "version": "0.0.1",
    "name": "Patient-SaudeiD"
  },
  {
    "id": "patient-B2CpatientCode",
    "type": "StructureDefinition",
    "url": "http://saudeid.com.br/fhir/StructureDefinition/patient-B2CpatientCode",
    "version": "0.0.1",
    "name": "B2CpatientCode"
  },
  {
    "id": "patient-biologicalSex",
    "type": "StructureDefinition",
    "url": "http://saudeid.com.br/fhir/StructureDefinition/patient-biologicalSex",
    "version": "0.0.1",
    "name": "biologicalSex"
  },
  {
    "id": "patient-coverage",
    "type": "StructureDefinition",
    "url": "http://saudeid.com.br/fhir/StructureDefinition/patient-coverage",
    "version": "0.0.1",
    "name": "coverage"
  },
  {
    "id": "patient-coverageIdentityCard",
    "type": "StructureDefinition",
    "url": "http://saudeid.com.br/fhir/StructureDefinition/patient-coverageIdentityCard",
    "version": "0.0.1",
    "name": "coverageIdentityCard"
  },
  {
    "id": "patient-deviceOperationalSystem",
    "type": "StructureDefinition",
    "url": "http://saudeid.com.br/fhir/StructureDefinition/patient-deviceOperationalSystem",
    "version": "0.0.1",
    "name": "deviceOperationalSystem"
  },
  {
    "id": "patient-ethnicity",
    "type": "StructureDefinition",
    "url": "http://saudeid.com.br/fhir/StructureDefinition/patient-ethnicity",
    "version": "0.0.1",
    "name": "ethnicity"
  },
  {
    "id": "patient-fathersName",
    "type": "StructureDefinition",
    "url": "http://saudeid.com.br/fhir/StructureDefinition/patient-fathersName",
    "version": "0.0.1",
    "name": "fathersName"
  },
  {
    "id": "patient-flagUserTerms",
    "type": "StructureDefinition",
    "url": "http://saudeid.com.br/fhir/StructureDefinition/patient-flagUserTerms",
    "version": "0.0.1",
    "name": "flagUserTerms"
  },
  {
    "id": "patient-idClienteFleury",
    "type": "StructureDefinition",
    "url": "http://saudeid.com.br/fhir/StructureDefinition/patient-idClienteFleury",
    "version": "0.0.1",
    "name": "idClienteFleury"
  },
  {
    "id": "patient-idDocumentoFleury",
    "type": "StructureDefinition",
    "url": "http://saudeid.com.br/fhir/StructureDefinition/patient-idDocumentoFleury",
    "version": "0.0.1",
    "name": "idDocumentoFleury"
  },
  {
    "id": "patient-idStatus",
    "type": "StructureDefinition",
    "url": "http://saudeid.com.br/fhir/StructureDefinition/patient-idStatus",
    "version": "0.0.1",
    "name": "idStatus"
  },
  {
    "id": "patient-idWorkstation",
    "type": "StructureDefinition",
    "url": "http://saudeid.com.br/fhir/StructureDefinition/patient-idWorkstation",
    "version": "0.0.1",
    "name": "idWorkstation"
  },
  {
    "id": "patient-isB2B",
    "type": "StructureDefinition",
    "url": "http://saudeid.com.br/fhir/StructureDefinition/patient-isB2B",
    "version": "0.0.1",
    "name": "isB2B"
  },
  {
    "id": "patient-isB2B2C",
    "type": "StructureDefinition",
    "url": "http://saudeid.com.br/fhir/StructureDefinition/patient-isB2B2C",
    "version": "0.0.1",
    "name": "isB2B2C"
  },
  {
    "id": "patient-isB2C",
    "type": "StructureDefinition",
    "url": "http://saudeid.com.br/fhir/StructureDefinition/patient-isB2C",
    "version": "0.0.1",
    "name": "isB2C"
  },
  {
    "id": "patient-lastUpdate",
    "type": "StructureDefinition",
    "url": "http://saudeid.com.br/fhir/StructureDefinition/patient-lastUpdate",
    "version": "0.0.1",
    "name": "lastUpdate"
  },
  {
    "id": "patient-mothersName",
    "type": "StructureDefinition",
    "url": "http://saudeid.com.br/fhir/StructureDefinition/patient-mothersName",
    "version": "0.0.1",
    "name": "mothersName"
  },
  {
    "id": "patient-occupation",
    "type": "StructureDefinition",
    "url": "http://saudeid.com.br/fhir/StructureDefinition/patient-occupation",
    "version": "0.0.1",
    "name": "occupation"
  },
  {
    "id": "patient-optinAssinaturaEstaAtivo",
    "type": "StructureDefinition",
    "url": "http://saudeid.com.br/fhir/StructureDefinition/patient-optinAssinaturaEstaAtivo",
    "version": "0.0.1",
    "name": "optinAssinaturaEstaAtivo"
  },
  {
    "id": "patient-optinNoticiaEstaAtivo",
    "type": "StructureDefinition",
    "url": "http://saudeid.com.br/fhir/StructureDefinition/patient-optinNoticiaEstaAtivo",
    "version": "0.0.1",
    "name": "optinNoticiaEstaAtivo"
  },
  {
    "id": "patient-optinVisitaEstaAtivo",
    "type": "StructureDefinition",
    "url": "http://saudeid.com.br/fhir/StructureDefinition/patient-optinVisitaEstaAtivo",
    "version": "0.0.1",
    "name": "optinVisitaEstaAtivo"
  },
  {
    "id": "patient-prontmedCode",
    "type": "StructureDefinition",
    "url": "http://saudeid.com.br/fhir/StructureDefinition/patient-prontmedCode",
    "version": "0.0.1",
    "name": "prontmedCode"
  }
]