<?xml version="1.0" encoding="UTF-8"?>

<Patient xmlns="http://hl7.org/fhir">
  <id value="patient-001"/>
  <meta>
    <profile value="http://saudeid.com.br/fhir/StructureDefinition/Patient-SaudeiD"/>
  </meta>
  <text>
    <status value="extensions"/><div xmlns="http://www.w3.org/1999/xhtml"><p><b>Generated Narrative</b></p><div style="display: inline-block; background-color: #d9e0e7; padding: 6px; margin: 4px; border: 1px solid #8da1b4; border-radius: 5px; line-height: 60%"><p style="margin-bottom: 0px">Resource "patient-001" </p><p style="margin-bottom: 0px">Profile: <a href="StructureDefinition-Patient-SaudeiD.html">Patient-SaudeiD</a></p></div><p><b>Birth Place</b>: Avenida Duque de Caxias, 446, Quadra 4, Palmas, TO 31713533</p><p><b>Patient-occupation</b>: 212405</p><p><b>Patient-biologicalSex</b>: male</p><p><b>Patient-deviceOperationalSystem</b>: Android</p><p><b>Patient-ethnicity</b>: Caucasiano</p><p><b>Patient-fathersName</b>: Bruno Conceição da Silva</p><p><b>Patient-agreedWithUserTerms</b>: true</p><p><b>Patient-idClienteFleury</b>: 123456789</p><p><b>Patient-idDocumentoFleury</b>: 456789012</p><p><b>Patient-idWorkstation</b>: 789012345</p><p><b>Patient-isB2B</b>: true</p><p><b>Patient-isB2C</b>: false</p><p><b>Patient-lastUpdate</b>: 2021-12-10T12:37:41-03:00</p><p><b>Patient-mothersName</b>: Maria Souza Amaral</p><p><b>Patient-prontmedCode</b>: 123456</p><p><b>identifier</b>: id: 70378639048 (OFFICIAL)</p><p><b>name</b>: Pedro Amaral da Silva(OFFICIAL)</p><p><b>telecom</b>: ph: (72) 68140-9748(HOME)</p><p><b>gender</b>: male</p><p><b>birthDate</b>: 1984-04-15</p><p><b>address</b>: Rua São Pedro, 4233, Casa 2, Jequié, BA 76980224(HOME)</p><h3>Contacts</h3><table class="grid"><tr><td>-</td><td><b>Relationship</b></td><td><b>Name</b></td><td><b>Telecom</b></td><td><b>Address</b></td><td><b>Gender</b></td></tr><tr><td>*</td><td>Brother <span style="background: LightGoldenRodYellow; margin: 4px; border: 1px solid khaki"> (<a href="http://terminology.hl7.org/3.0.0/CodeSystem-v2-0131.html">contactRole2</a>#C "Emergency Contact")</span></td><td>José Amaral da Silva(OFFICIAL)</td><td>ph: (27) 99770-4704(HOME)</td><td>Rua da Paz, 8511, Ariquemes, RO 59821192(HOME)</td><td>male</td></tr></table></div>
  </text>
  <extension url="http://hl7.org/fhir/StructureDefinition/patient-birthPlace">
    <valueAddress>
      <text value="Avenida Duque de Caxias, 446, Quadra 4, Palmas, TO 31713533"/>
      <line value="Avenida Duque de Caxias, 446, Quadra 4"/>
      <city value="Palmas"/>
      <state value="TO"/>
      <postalCode value="31713533"/>
    </valueAddress>
  </extension>
  <extension url="http://saudeid.com.br/fhir/StructureDefinition/patient-occupation">
    <valueCode value="212405"/>
  </extension>
  <extension url="http://saudeid.com.br/fhir/StructureDefinition/patient-biologicalSex">
    <valueString value="male"/>
  </extension>
  <extension url="http://saudeid.com.br/fhir/StructureDefinition/patient-deviceOperationalSystem">
    <valueString value="Android"/>
  </extension>
  <extension url="http://saudeid.com.br/fhir/StructureDefinition/patient-ethnicity">
    <valueString value="Caucasiano"/>
  </extension>
  <extension url="http://saudeid.com.br/fhir/StructureDefinition/patient-fathersName">
    <valueString value="Bruno Conceição da Silva"/>
  </extension>
  <extension url="http://saudeid.com.br/fhir/StructureDefinition/patient-agreedWithUserTerms">
    <valueBoolean value="true"/>
  </extension>
  <extension url="http://saudeid.com.br/fhir/StructureDefinition/patient-idClienteFleury">
    <valueString value="123456789"/>
  </extension>
  <extension url="http://saudeid.com.br/fhir/StructureDefinition/patient-idDocumentoFleury">
    <valueString value="456789012"/>
  </extension>
  <extension url="http://saudeid.com.br/fhir/StructureDefinition/patient-idWorkstation">
    <valueString value="789012345"/>
  </extension>
  <extension url="http://saudeid.com.br/fhir/StructureDefinition/patient-isB2B">
    <valueBoolean value="true"/>
  </extension>
  <extension url="http://saudeid.com.br/fhir/StructureDefinition/patient-isB2C">
    <valueBoolean value="false"/>
  </extension>
  <extension url="http://saudeid.com.br/fhir/StructureDefinition/patient-lastUpdate">
    <valueDateTime value="2021-12-10T12:37:41-03:00"/>
  </extension>
  <extension url="http://saudeid.com.br/fhir/StructureDefinition/patient-mothersName">
    <valueString value="Maria Souza Amaral"/>
  </extension>
  <extension url="http://saudeid.com.br/fhir/StructureDefinition/patient-prontmedCode">
    <valueInteger value="123456"/>
  </extension>
  <identifier>
    <use value="official"/>
    <system value="http://rnds.saude.gov.br/fhir/r4/NamingSystem/cpf"/>
    <value value="70378639048"/>
  </identifier>
  <name>
    <use value="official"/>
    <text value="Pedro Amaral da Silva"/>
    <family value="Amaral da Silva"/>
    <given value="Pedro"/>
  </name>
  <telecom>
    <system value="phone"/>
    <value value="(72) 68140-9748"/>
    <use value="home"/>
    <rank value="1"/>
  </telecom>
  <gender value="male"/>
  <birthDate value="1984-04-15"/>
  <address>
    <use value="home"/>
    <type value="both"/>
    <text value="Rua São Pedro, 4233, Casa 2, Jequié, BA 76980224"/>
    <city value="Jequié"/>
    <state value="BA"/>
    <postalCode value="76980224"/>
    <country value="Brazil"/>
  </address>
  <contact>
    <relationship>
      <coding>
        <system value="http://terminology.hl7.org/CodeSystem/v2-0131"/>
        <code value="C"/>
        <display value="Emergency Contact"/>
      </coding>
      <text value="Brother"/>
    </relationship>
    <name>
      <use value="official"/>
      <text value="José Amaral da Silva"/>
      <family value="Amaral da Silva"/>
      <given value="José"/>
    </name>
    <telecom>
      <system value="phone"/>
      <value value="(27) 99770-4704"/>
      <use value="home"/>
      <rank value="1"/>
    </telecom>
    <address>
      <use value="home"/>
      <type value="both"/>
      <text value="Rua da Paz, 8511, Ariquemes, RO 59821192"/>
      <line value="Rua da Paz, 8511"/>
      <city value="Ariquemes"/>
      <state value="RO"/>
      <postalCode value="59821192"/>
      <country value="Brazil"/>
    </address>
    <gender value="male"/>
  </contact>
</Patient>