{
  "resourceType": "ValueSet",
  "id": "CBO-1.0",
  "meta": {
    "lastUpdated": "2020-03-12T10:22:07.223-03:00"
  },
  "language": "pt-BR",
  "text": {
    "status": "generated",
    "div": "<div xmlns=\"http://www.w3.org/1999/xhtml\" xml:lang=\"pt-BR\" lang=\"pt-BR\"><ul><li>Include all codes defined in <a href=\"CodeSystem-CBO.html\"><code>http://saudeid-data.github.io/fhir/CodeSystem/CBO</code></a></li></ul></div>"
  },
  "url": "http://saudeid-data.github.io/fhir/ValueSet/CBO-1.0",
  "version": "0.0.2",
  "name": "ValueSetCBO",
  "title": "Classificação Brasileira de Ocupações - CBO",
  "status": "active",
  "experimental": false,
  "date": "2020-03-12T13:22:05.8261152+00:00",
  "publisher": "Saude iD",
  "contact": [
    {
      "telecom": [
        {
          "system": "url",
          "value": "http://saudeid.com.br"
        }
      ]
    }
  ],
  "description": "Classifica as profissões do mercado de trabalho brasileiro.",
  "jurisdiction": [
    {
      "coding": [
        {
          "system": "http://unstats.un.org/unsd/methods/m49/m49.htm",
          "code": "001"
        }
      ]
    }
  ],
  "immutable": false,
  "compose": {
    "include": [
      {
        "system": "http://saudeid-data.github.io/fhir/CodeSystem/CBO",
        "version": "*"
      }
    ]
  }
}