{"resourceType":"ImplementationGuide","id":"saudeid","text":{"status":"extensions","div":"<div xmlns=\"http://www.w3.org/1999/xhtml\"><h2>Guia de implementacao da Saude iD</h2><p>The official URL for this implementation guide is: </p><pre>http://saudeid.com.br/fhir/ImplementationGuide/saudeid</pre><div><p>O Guia de Implementacao da Saude iD e baseado no FHIR na versao R4 e define o minimo de requisitos de conformidade para trocar mensagens com dados de paciente.</p>\n</div></div>"},"url":"http://saudeid.com.br/fhir/ImplementationGuide/saudeid","version":"0.0.1","name":"Guia de implementacao da Saude iD","title":"Guia de implementacao da Saude iD","status":"draft","experimental":false,"date":"2021-12-15T18:32:29-02:00","publisher":"Saude iD","contact":[{"telecom":[{"system":"url","value":"http://saudeid.com.br"}]}],"description":"O Guia de Implementacao da Saude iD e baseado no FHIR na versao R4 e define o minimo de requisitos de conformidade para trocar mensagens com dados de paciente.","jurisdiction":[{"coding":[{"system":"http://unstats.un.org/unsd/methods/m49/m49.htm","code":"001"}]}],"packageId":"saudeid","license":"CC0-1.0","fhirVersion":["4.0.1"],"definition":{"extension":[{"extension":[{"url":"code","valueString":"copyrightyear"},{"url":"value","valueString":"2021+"}],"url":"http://hl7.org/fhir/tools/StructureDefinition/ig-parameter"},{"extension":[{"url":"code","valueString":"releaselabel"},{"url":"value","valueString":"CI Build"}],"url":"http://hl7.org/fhir/tools/StructureDefinition/ig-parameter"},{"extension":[{"url":"code","valueString":"path-binary"},{"url":"value","valueString":"input\\cql"}],"url":"http://hl7.org/fhir/tools/StructureDefinition/ig-parameter"},{"extension":[{"url":"code","valueString":"path-liquid"},{"url":"value","valueString":"templates\\liquid"}],"url":"http://hl7.org/fhir/tools/StructureDefinition/ig-parameter"},{"extension":[{"url":"code","valueString":"shownav"},{"url":"value","valueString":"true"}],"url":"http://hl7.org/fhir/tools/StructureDefinition/ig-parameter"},{"extension":[{"url":"code","valueString":"autoload-resources"},{"url":"value","valueString":"true"}],"url":"http://hl7.org/fhir/tools/StructureDefinition/ig-parameter"},{"extension":[{"url":"code","valueString":"path-liquid"},{"url":"value","valueString":"template/liquid"}],"url":"http://hl7.org/fhir/tools/StructureDefinition/ig-parameter"},{"extension":[{"url":"code","valueString":"path-liquid"},{"url":"value","valueString":"input/liquid"}],"url":"http://hl7.org/fhir/tools/StructureDefinition/ig-parameter"},{"extension":[{"url":"code","valueString":"path-qa"},{"url":"value","valueString":"temp/qa"}],"url":"http://hl7.org/fhir/tools/StructureDefinition/ig-parameter"},{"extension":[{"url":"code","valueString":"path-temp"},{"url":"value","valueString":"temp/pages"}],"url":"http://hl7.org/fhir/tools/StructureDefinition/ig-parameter"},{"extension":[{"url":"code","valueString":"path-output"},{"url":"value","valueString":"output"}],"url":"http://hl7.org/fhir/tools/StructureDefinition/ig-parameter"},{"extension":[{"url":"code","valueString":"path-suppressed-warnings"},{"url":"value","valueString":"input/ignoreWarnings.txt"}],"url":"http://hl7.org/fhir/tools/StructureDefinition/ig-parameter"},{"extension":[{"url":"code","valueString":"path-history"},{"url":"value","valueString":"http://saudeid.com.br/fhir/history.html"}],"url":"http://hl7.org/fhir/tools/StructureDefinition/ig-parameter"},{"extension":[{"url":"code","valueString":"template-html"},{"url":"value","valueString":"template-page.html"}],"url":"http://hl7.org/fhir/tools/StructureDefinition/ig-parameter"},{"extension":[{"url":"code","valueString":"template-md"},{"url":"value","valueString":"template-page-md.html"}],"url":"http://hl7.org/fhir/tools/StructureDefinition/ig-parameter"},{"extension":[{"url":"code","valueString":"apply-contact"},{"url":"value","valueString":"true"}],"url":"http://hl7.org/fhir/tools/StructureDefinition/ig-parameter"},{"extension":[{"url":"code","valueString":"apply-context"},{"url":"value","valueString":"true"}],"url":"http://hl7.org/fhir/tools/StructureDefinition/ig-parameter"},{"extension":[{"url":"code","valueString":"apply-copyright"},{"url":"value","valueString":"true"}],"url":"http://hl7.org/fhir/tools/StructureDefinition/ig-parameter"},{"extension":[{"url":"code","valueString":"apply-jurisdiction"},{"url":"value","valueString":"true"}],"url":"http://hl7.org/fhir/tools/StructureDefinition/ig-parameter"},{"extension":[{"url":"code","valueString":"apply-license"},{"url":"value","valueString":"true"}],"url":"http://hl7.org/fhir/tools/StructureDefinition/ig-parameter"},{"extension":[{"url":"code","valueString":"apply-publisher"},{"url":"value","valueString":"true"}],"url":"http://hl7.org/fhir/tools/StructureDefinition/ig-parameter"},{"extension":[{"url":"code","valueString":"apply-version"},{"url":"value","valueString":"true"}],"url":"http://hl7.org/fhir/tools/StructureDefinition/ig-parameter"},{"extension":[{"url":"code","valueString":"active-tables"},{"url":"value","valueString":"true"}],"url":"http://hl7.org/fhir/tools/StructureDefinition/ig-parameter"}],"grouping":[{"id":"-str-profile","name":"Structures: Resource Profiles","description":"These define constraints on FHIR resources for systems conforming to this implementation guide"},{"id":"-str-extension","name":"Structures: Extension Definitions","description":"These define constraints on FHIR data types for systems conforming to this implementation guide"},{"id":"-ex-example","name":"Example: Example Instances","description":"These are example instances that show what data produced and consumed by systems conforming with this implementation guide might look like"}],"resource":[{"extension":[{"url":"http://hl7.org/fhir/StructureDefinition/implementationguide-page","valueUri":"Patient-patient-001.html"}],"reference":{"reference":"Patient/patient-001"},"name":"Example Patient - patient-001","exampleCanonical":"http://saudeid.com.br/fhir/StructureDefinition/Patient-SaudeiD","groupingId":"-ex-example"},{"extension":[{"url":"http://hl7.org/fhir/StructureDefinition/implementationguide-page","valueUri":"StructureDefinition-patient-B2CpatientCode.html"}],"reference":{"reference":"StructureDefinition/patient-B2CpatientCode"},"name":"B2CpatientCode","description":"Identification code for patients originated from B2C.","groupingId":"-str-extension"},{"extension":[{"url":"http://hl7.org/fhir/StructureDefinition/implementationguide-page","valueUri":"StructureDefinition-patient-biologicalSex.html"}],"reference":{"reference":"StructureDefinition/patient-biologicalSex"},"name":"biologicalSex","description":"Patient's biological sex.","groupingId":"-str-extension"},{"extension":[{"url":"http://hl7.org/fhir/StructureDefinition/implementationguide-page","valueUri":"StructureDefinition-patient-coverage.html"}],"reference":{"reference":"StructureDefinition/patient-coverage"},"name":"coverage","description":"Insurance plans, coverage extensions, pre-authorizations and/or pre-determinations that may be relevant in delivering the requested service.","groupingId":"-str-extension"},{"extension":[{"url":"http://hl7.org/fhir/StructureDefinition/implementationguide-page","valueUri":"StructureDefinition-patient-coverageIdentityCard.html"}],"reference":{"reference":"StructureDefinition/patient-coverageIdentityCard"},"name":"coverageIdentityCard","description":"Identification number used for associating patient with his/her insurance coverage.","groupingId":"-str-extension"},{"extension":[{"url":"http://hl7.org/fhir/StructureDefinition/implementationguide-page","valueUri":"StructureDefinition-patient-deviceOperationalSystem.html"}],"reference":{"reference":"StructureDefinition/patient-deviceOperationalSystem"},"name":"deviceOperationalSystem","description":"Operational system installed in patient's device.","groupingId":"-str-extension"},{"extension":[{"url":"http://hl7.org/fhir/StructureDefinition/implementationguide-page","valueUri":"StructureDefinition-patient-ethnicity.html"}],"reference":{"reference":"StructureDefinition/patient-ethnicity"},"name":"ethnicity","description":"The patient's professed religious affiliations.","groupingId":"-str-extension"},{"extension":[{"url":"http://hl7.org/fhir/StructureDefinition/implementationguide-page","valueUri":"StructureDefinition-patient-fathersName.html"}],"reference":{"reference":"StructureDefinition/patient-fathersName"},"name":"fathersName","description":"Full name of patient's father.","groupingId":"-str-extension"},{"extension":[{"url":"http://hl7.org/fhir/StructureDefinition/implementationguide-page","valueUri":"StructureDefinition-patient-flagUserTerms.html"}],"reference":{"reference":"StructureDefinition/patient-flagUserTerms"},"name":"flagUserTerms","description":"Indicates whether user agrees with User Terms or not.","groupingId":"-str-extension"},{"extension":[{"url":"http://hl7.org/fhir/StructureDefinition/implementationguide-page","valueUri":"StructureDefinition-patient-idClienteFleury.html"}],"reference":{"reference":"StructureDefinition/patient-idClienteFleury"},"name":"idClienteFleury","description":"Fleury client's id.","groupingId":"-str-extension"},{"extension":[{"url":"http://hl7.org/fhir/StructureDefinition/implementationguide-page","valueUri":"StructureDefinition-patient-idDocumentoFleury.html"}],"reference":{"reference":"StructureDefinition/patient-idDocumentoFleury"},"name":"idDocumentoFleury","description":"Fleury document's id.","groupingId":"-str-extension"},{"extension":[{"url":"http://hl7.org/fhir/StructureDefinition/implementationguide-page","valueUri":"StructureDefinition-patient-idStatus.html"}],"reference":{"reference":"StructureDefinition/patient-idStatus"},"name":"idStatus","description":"Patient's status id.","groupingId":"-str-extension"},{"extension":[{"url":"http://hl7.org/fhir/StructureDefinition/implementationguide-page","valueUri":"StructureDefinition-patient-idWorkstation.html"}],"reference":{"reference":"StructureDefinition/patient-idWorkstation"},"name":"idWorkstation","description":"Workstation's id.","groupingId":"-str-extension"},{"extension":[{"url":"http://hl7.org/fhir/StructureDefinition/implementationguide-page","valueUri":"StructureDefinition-patient-isB2B.html"}],"reference":{"reference":"StructureDefinition/patient-isB2B"},"name":"isB2B","description":"Flag indicating if the patient is B2B.","groupingId":"-str-extension"},{"extension":[{"url":"http://hl7.org/fhir/StructureDefinition/implementationguide-page","valueUri":"StructureDefinition-patient-isB2B2C.html"}],"reference":{"reference":"StructureDefinition/patient-isB2B2C"},"name":"isB2B2C","description":"xxxxxxxxxxxxxxxxx","groupingId":"-str-extension"},{"extension":[{"url":"http://hl7.org/fhir/StructureDefinition/implementationguide-page","valueUri":"StructureDefinition-patient-isB2C.html"}],"reference":{"reference":"StructureDefinition/patient-isB2C"},"name":"isB2C","description":"Flag indicating if the patient is B2C.","groupingId":"-str-extension"},{"extension":[{"url":"http://hl7.org/fhir/StructureDefinition/implementationguide-page","valueUri":"StructureDefinition-patient-lastUpdate.html"}],"reference":{"reference":"StructureDefinition/patient-lastUpdate"},"name":"lastUpdate","description":"Date and time when record was updated.","groupingId":"-str-extension"},{"extension":[{"url":"http://hl7.org/fhir/StructureDefinition/implementationguide-page","valueUri":"StructureDefinition-patient-mothersName.html"}],"reference":{"reference":"StructureDefinition/patient-mothersName"},"name":"mothersName","description":"Full name of patient's mother.","groupingId":"-str-extension"},{"extension":[{"url":"http://hl7.org/fhir/StructureDefinition/implementationguide-page","valueUri":"StructureDefinition-patient-occupation.html"}],"reference":{"reference":"StructureDefinition/patient-occupation"},"name":"occupation","description":"Information about a person's work and volunteer positions to support patient care, population health and public health activities.","groupingId":"-str-extension"},{"extension":[{"url":"http://hl7.org/fhir/StructureDefinition/implementationguide-page","valueUri":"StructureDefinition-patient-optinAssinaturaEstaAtivo.html"}],"reference":{"reference":"StructureDefinition/patient-optinAssinaturaEstaAtivo"},"name":"optinAssinaturaEstaAtivo","description":"xxxxxxxxxxxxxxxxx","groupingId":"-str-extension"},{"extension":[{"url":"http://hl7.org/fhir/StructureDefinition/implementationguide-page","valueUri":"StructureDefinition-patient-optinNoticiaEstaAtivo.html"}],"reference":{"reference":"StructureDefinition/patient-optinNoticiaEstaAtivo"},"name":"optinNoticiaEstaAtivo","description":"xxxxxxxxxxxxxxxxx","groupingId":"-str-extension"},{"extension":[{"url":"http://hl7.org/fhir/StructureDefinition/implementationguide-page","valueUri":"StructureDefinition-patient-optinVisitaEstaAtivo.html"}],"reference":{"reference":"StructureDefinition/patient-optinVisitaEstaAtivo"},"name":"optinVisitaEstaAtivo","description":"xxxxxxxxxxxxxxxxx","groupingId":"-str-extension"},{"extension":[{"url":"http://hl7.org/fhir/StructureDefinition/implementationguide-page","valueUri":"StructureDefinition-patient-prontmedCode.html"}],"reference":{"reference":"StructureDefinition/patient-prontmedCode"},"name":"prontmedCode","description":"Numerical identification for Prontmed patients.","groupingId":"-str-extension"},{"extension":[{"url":"http://hl7.org/fhir/StructureDefinition/implementationguide-page","valueUri":"StructureDefinition-Patient-SaudeiD.html"}],"reference":{"reference":"StructureDefinition/Patient-SaudeiD"},"name":"Patient-SaudeiD","description":"Perfil de paciente da Saúde iD.","groupingId":"-str-profile"}],"page":{"nameUrl":"toc.html","title":"Table of Contents","generation":"html","page":[{"nameUrl":"index.html","title":"Home","generation":"html"},{"nameUrl":"background.html","title":"Background","generation":"html"},{"nameUrl":"downloads.html","title":"Useful Downloads","generation":"html"},{"nameUrl":"general-guidance.html","title":"General guidance","generation":"html"},{"nameUrl":"history.html","title":"History of changes","generation":"html"},{"nameUrl":"artifacts.html","title":"FHIR artifacts","generation":"html","page":[{"nameUrl":"profiles.html","title":"Profiles and Extensions","generation":"html"},{"nameUrl":"StructureDefinition-Patient-SaudeiD.html","title":"Patient-SaudeiD","generation":"generated"},{"nameUrl":"StructureDefinition-patient-B2CpatientCode.html","title":"B2CpatientCode","generation":"generated"},{"nameUrl":"StructureDefinition-patient-biologicalSex.html","title":"biologicalSex","generation":"generated"},{"nameUrl":"StructureDefinition-patient-coverage.html","title":"coverage","generation":"generated"},{"nameUrl":"StructureDefinition-patient-coverageIdentityCard.html","title":"coverageIdentityCard","generation":"generated"},{"nameUrl":"StructureDefinition-patient-deviceOperationalSystem.html","title":"deviceOperationalSystem","generation":"generated"},{"nameUrl":"StructureDefinition-patient-ethnicity.html","title":"ethnicity","generation":"generated"},{"nameUrl":"StructureDefinition-patient-fathersName.html","title":"fathersName","generation":"generated"},{"nameUrl":"StructureDefinition-patient-flagUserTerms.html","title":"flagUserTerms","generation":"generated"},{"nameUrl":"StructureDefinition-patient-idClienteFleury.html","title":"idClienteFleury","generation":"generated"},{"nameUrl":"StructureDefinition-patient-idDocumentoFleury.html","title":"idDocumentoFleury","generation":"generated"},{"nameUrl":"StructureDefinition-patient-idStatus.html","title":"idStatus","generation":"generated"},{"nameUrl":"StructureDefinition-patient-idWorkstation.html","title":"idWorkstation","generation":"generated"},{"nameUrl":"StructureDefinition-patient-isB2B.html","title":"isB2B","generation":"generated"},{"nameUrl":"StructureDefinition-patient-isB2B2C.html","title":"isB2B2C","generation":"generated"},{"nameUrl":"StructureDefinition-patient-isB2C.html","title":"isB2C","generation":"generated"},{"nameUrl":"StructureDefinition-patient-lastUpdate.html","title":"lastUpdate","generation":"generated"},{"nameUrl":"StructureDefinition-patient-mothersName.html","title":"mothersName","generation":"generated"},{"nameUrl":"StructureDefinition-patient-occupation.html","title":"occupation","generation":"generated"},{"nameUrl":"StructureDefinition-patient-optinAssinaturaEstaAtivo.html","title":"optinAssinaturaEstaAtivo","generation":"generated"},{"nameUrl":"StructureDefinition-patient-optinNoticiaEstaAtivo.html","title":"optinNoticiaEstaAtivo","generation":"generated"},{"nameUrl":"StructureDefinition-patient-optinVisitaEstaAtivo.html","title":"optinVisitaEstaAtivo","generation":"generated"},{"nameUrl":"StructureDefinition-patient-prontmedCode.html","title":"prontmedCode","generation":"generated"},{"nameUrl":"Patient-patient-001.html","title":"Example Patient - patient-001","generation":"generated"}]}]},"parameter":[{"code":"path-resource","value":"input\\history"},{"code":"path-resource","value":"input/capabilities"},{"code":"path-resource","value":"input/examples"},{"code":"path-resource","value":"input/extensions"},{"code":"path-resource","value":"input/models"},{"code":"path-resource","value":"input/operations"},{"code":"path-resource","value":"input/profiles"},{"code":"path-resource","value":"input/resources"},{"code":"path-resource","value":"input/vocabulary"},{"code":"path-resource","value":"input/testing"},{"code":"path-resource","value":"input/history"},{"code":"path-resource","value":"fsh-generated/resources"},{"code":"path-pages","value":"template/config"},{"code":"path-pages","value":"input/images"},{"code":"path-tx-cache","value":"input-cache/txcache"}]}}