{
  "resourceType": "Patient",
  "id": "patient-001",
  "meta": {
    "profile": [
      "http://saudeid.com.br/fhir/StructureDefinition/Patient-SaudeiD"
    ]
  },
  "text": {
    "status": "extensions",
    "div": "<div xmlns=\"http://www.w3.org/1999/xhtml\"><p><b>Generated Narrative</b></p><div style=\"display: inline-block; background-color: #d9e0e7; padding: 6px; margin: 4px; border: 1px solid #8da1b4; border-radius: 5px; line-height: 60%\"><p style=\"margin-bottom: 0px\">Resource \"patient-001\" </p><p style=\"margin-bottom: 0px\">Profile: <a href=\"StructureDefinition-Patient-SaudeiD.html\">Patient-SaudeiD</a></p></div><p><b>Birth Place</b>: Avenida Duque de Caxias, 446, Quadra 4, Palmas, TO 31713533</p><p><b>occupation</b>: 212405</p><p><b>biologicalSex</b>: male</p><p><b>deviceOperationalSystem</b>: Android</p><p><b>ethnicity</b>: Caucasiano</p><p><b>fathersName</b>: Bruno Conceição da Silva</p><p><b>agreedWithUserTerms</b>: true</p><p><b>idClienteFleury</b>: 123456789</p><p><b>idDocumentoFleury</b>: 456789012</p><p><b>idWorkstation</b>: 789012345</p><p><b>isB2B</b>: true</p><p><b>isB2C</b>: false</p><p><b>lastUpdate</b>: 2021-12-10T12:37:41-03:00</p><p><b>mothersName</b>: Maria Souza Amaral</p><p><b>prontmedCode</b>: 123456</p><p><b>identifier</b>: id: 001</p><p><b>name</b>: Pedro Amaral da Silva(OFFICIAL)</p><p><b>telecom</b>: ph: (72) 68140-9748(HOME)</p><p><b>gender</b>: male</p><p><b>birthDate</b>: 1984-04-15</p><p><b>address</b>: Rua São Pedro, 4233, Casa 2, Jequié, BA 76980224(HOME)</p><h3>Contacts</h3><table class=\"grid\"><tr><td>-</td><td><b>Relationship</b></td><td><b>Name</b></td><td><b>Telecom</b></td><td><b>Address</b></td><td><b>Gender</b></td></tr><tr><td>*</td><td>Brother <span style=\"background: LightGoldenRodYellow; margin: 4px; border: 1px solid khaki\"> (<a href=\"http://terminology.hl7.org/3.0.0/CodeSystem-v2-0131.html\">contactRole2</a>#C \"Emergency Contact\")</span></td><td>José Amaral da Silva(OFFICIAL)</td><td>ph: (27) 99770-4704(HOME)</td><td>Rua da Paz, 8511, Ariquemes, RO 59821192(HOME)</td><td>male</td></tr></table></div>"
  },
  "extension": [
    {
      "url": "http://hl7.org/fhir/StructureDefinition/patient-birthPlace",
      "valueAddress": {
        "text": "Avenida Duque de Caxias, 446, Quadra 4, Palmas, TO 31713533",
        "line": [
          "Avenida Duque de Caxias, 446, Quadra 4"
        ],
        "city": "Palmas",
        "state": "TO",
        "postalCode": "31713533"
      }
    },
    {
      "url": "http://saudeid.com.br/fhir/StructureDefinition/patient-occupation",
      "valueCode": "212405"
    },
    {
      "url": "http://saudeid.com.br/fhir/StructureDefinition/patient-biologicalSex",
      "valueString": "male"
    },
    {
      "url": "http://saudeid.com.br/fhir/StructureDefinition/patient-deviceOperationalSystem",
      "valueString": "Android"
    },
    {
      "url": "http://saudeid.com.br/fhir/StructureDefinition/patient-ethnicity",
      "valueString": "Caucasiano"
    },
    {
      "url": "http://saudeid.com.br/fhir/StructureDefinition/patient-fathersName",
      "valueString": "Bruno Conceição da Silva"
    },
    {
      "url": "http://saudeid.com.br/fhir/StructureDefinition/patient-agreedWithUserTerms",
      "valueBoolean": true
    },
    {
      "url": "http://saudeid.com.br/fhir/StructureDefinition/patient-idClienteFleury",
      "valueString": "123456789"
    },
    {
      "url": "http://saudeid.com.br/fhir/StructureDefinition/patient-idDocumentoFleury",
      "valueString": "456789012"
    },
    {
      "url": "http://saudeid.com.br/fhir/StructureDefinition/patient-idWorkstation",
      "valueString": "789012345"
    },
    {
      "url": "http://saudeid.com.br/fhir/StructureDefinition/patient-isB2B",
      "valueBoolean": true
    },
    {
      "url": "http://saudeid.com.br/fhir/StructureDefinition/patient-isB2C",
      "valueBoolean": false
    },
    {
      "url": "http://saudeid.com.br/fhir/StructureDefinition/patient-lastUpdate",
      "valueDateTime": "2021-12-10T12:37:41-03:00"
    },
    {
      "url": "http://saudeid.com.br/fhir/StructureDefinition/patient-mothersName",
      "valueString": "Maria Souza Amaral"
    },
    {
      "url": "http://saudeid.com.br/fhir/StructureDefinition/patient-prontmedCode",
      "valueInteger": 123456
    }
  ],
  "identifier": [
    {
      "value": "001"
    }
  ],
  "name": [
    {
      "use": "official",
      "text": "Pedro Amaral da Silva",
      "family": "Amaral da Silva",
      "given": [
        "Pedro"
      ]
    }
  ],
  "telecom": [
    {
      "system": "phone",
      "value": "(72) 68140-9748",
      "use": "home",
      "rank": 1
    }
  ],
  "gender": "male",
  "birthDate": "1984-04-15",
  "address": [
    {
      "use": "home",
      "type": "both",
      "text": "Rua São Pedro, 4233, Casa 2, Jequié, BA 76980224",
      "line": [
        "Rua São Pedro, 4233, Casa 2"
      ],
      "city": "Jequié",
      "state": "BA",
      "postalCode": "76980224"
    }
  ],
  "contact": [
    {
      "relationship": [
        {
          "coding": [
            {
              "system": "http://terminology.hl7.org/CodeSystem/v2-0131",
              "code": "C",
              "display": "Emergency Contact"
            }
          ],
          "text": "Brother"
        }
      ],
      "name": {
        "use": "official",
        "text": "José Amaral da Silva",
        "family": "Amaral da Silva",
        "given": [
          "José"
        ]
      },
      "telecom": [
        {
          "system": "phone",
          "value": "(27) 99770-4704",
          "use": "home",
          "rank": 1
        }
      ],
      "address": {
        "use": "home",
        "type": "both",
        "text": "Rua da Paz, 8511, Ariquemes, RO 59821192",
        "line": [
          "Rua da Paz, 8511"
        ],
        "city": "Ariquemes",
        "state": "RO",
        "postalCode": "59821192"
      },
      "gender": "male"
    }
  ]
}